ID,MOrigin,MotherAge,MPreviousPreg,MPreviousKids,MMiscarriages,MBloddTransfusion,DeliveryMode,K HLA A1,K HLA A2,K HLA B1,K HLA B2,K HLA C1,K HLA C2,M HLA A1,M HLA A2,M HLA B1,M HLA B2,M HLA C1,M HLA C2,Response
356,Italien,30.46,0,0,0,nein,Sekundäre Sectio,A*0201,A*3001,B*1302,B*3501,C*0401,C*0602,A*0201,A*0201,B*3501,B*3501,C*0202,C*0401,0
197,Schweiz,33.63,0,0,0,nein,Spontane Geburt,A*0201,A*2501,B*0702,B*1801,C*0702,C*1203,A*0101,A*0201,B*0702,B*0702,C*0702,C*0702,1
100,Deutschland,29.95,0,0,0,nein,Spontane Geburt,A*1101,A*2402,B*3501,B*5501,C*0303,C*0401,A*1101,A*1101,B*3501,B*4002,C*0202,C*0401,0
213,Schweiz,32.56,2,1,1,nein,Spontane Geburt,A*1101,A*2402,B*1803,B*3501,C*0401,C*0701,A*0101,A*1101,B*0801,B*1803,C*0701,C*0701,0
323,Schweiz,31.54,0,0,0,nein,Spontane Geburt,A*1101,A*2402,B*3501,B*4001,C*0304,C*0401,A*1101,A*3301,B*1402,B*4001,C*0304,C*0802,0
410,Schweiz,33.87,0,0,0,nein,Spontane Geburt,A*1101,A*2402,B*1801,B*5501,C*0303,C*0701,A*0101,A*1101,B*0801,B*5501,C*0303,C*0701,1
246,Schweiz,33.1,2,1,1,ja,Spontane Geburt,A*0301,A*2402,B*0702,B*1801,C*0501,C*0702,A*0301,A*2608,B*0702,B*3901,C*0702,C*1203,1
316,Deutschland,30.21,0,0,0,nein,Spontane Geburt,A*0301,A*2402,B*0702,B*4001,C*0304,C*0702,A*0201,A*0301,B*0702,B*1801,C*0701,C*0702,1
384,Spanien,31.07,0,0,0,nein,Spontane Geburt,A*0301,A*2402,B*1518,B*4006,C*0704,C*1502,A*0301,A*3301,B*1402,B*1518,C*0704,C*0802,0
171,Deutschland,31.73,0,0,0,nein,Spontane Geburt,A*0201,A*1101,B*3503,B*5702,C*0401,C*1203,A*0101,A*1101,B*0801,B*3503,C*0701,C*1203,1
253,Italien,35.34,1,1,0,nein,Spontane Geburt,A*2601,A*3004,B*1801,B*5108,C*1203,C*1601/02,A*0201,A*2601,B*1503,B*1801,C*0202,C*1203,0
76,Schweiz,28.44,1,0,1,nein,Spontane Geburt,A*0101,A*3303,B*3503,B*5301,C*0401,C*0401,A*0101,A*0201,B*1501,B*3503,C*0303,C*0401,0
90,Italien,31.15,0,0,0,nein,Spontane Geburt,A*0201,A*0201,B*5101,B*5501,C*0303,C*0702,A*0201,A*2601,B*0702,B*5501,C*0303,C*0702,0
169,Schweiz,27.7,0,0,0,nein,Spontane Geburt,A*0226,A*3303,B*4001,B*5801,C*0302,C*0304,A*0205,A*0226,B*4001,B*5001,C*0304,C*0602,0
207,Schweiz,35.57,3,2,1,nein,Spontane Geburt,A*0101,A*0201,B*0801,B*4402,C*0501,C*0701,A*0101,A*0201,B*0801,B*4001,C*0304,C*0701,0
240,Deutschland,31.66,0,0,0,nein,Spontane Geburt,A*0201,A*0201,B*0702,B*4402,C*0501,C*0702,A*0201,A*0301,B*0702,B*4002,C*0304,C*0702,0
268,Schweiz,32.07,1,1,0,nein,Spontane Geburt,A*0301,A*1101,B*0702,B*5101,C*0702,C*1502,A*0201,A*0301,B*0702,B*1801,C*0501,C*0702,1
296,Deutschland,30.07,1,0,1,nein,,A*1101,A*3101,B*2705,B*4001,C*0202,C*0304,A*0301,A*3101,B*3501,B*4001,C*0304,C*0401,0
306,Deutschland,34.76,0,0,0,nein,Sekundäre Sectio,A*1101,A*3201,B*1501,B*4002,C*0202,C*0303,A*0101,A*1101,B*0801,B*4002,C*0202,C*0701,1
354,Schweiz,35.96,0,0,0,nein,Spontane Geburt,A*0201,A*3001,B*4001,B*5101,C*0102,C*1402,A*0101,A*0201,B*3503,B*4001,C*0102,C*0701,0
379,Türkei,30.87,1,1,0,nein,Spontane Geburt,A*0101,A*1101,B*0702,B*5201,C*0702,C*1202,A*0101,A*2901,B*0702,B*3501,C*0401,C*0702,0
435,Schweiz,15.23,0,0,0,nein,Spontane Geburt,A*0201,A*0301,B*2705,B*4002,C*0102,C*1203,A*0201,A*0301,B*4001,B*4002,C*0304,C*1203,1
46,Schweiz,36.02,1,1,0,nein,Spontane Geburt,A*3002,A*3201,B*4002,B*4101,C*0202,C*1701,A*0101,A*3002,B*4001,B*4101,C*0304,C*1701,1
178,Schweiz/ Cam,35.64,2,2,0,nein,Spontane Geburt,A*0301,A*6601,B*5501,B*5801,C*0302,C*0304,A*0201,A*0301,B*1501,B*5501,C*0304,C*0304,1
249,Schweiz,27.22,2,2,0,nein,Spontane Geburt,A*0301,A*0301,B*3501,B*4901,C*0401,C*0701,A*0201,A*0301,B*1801,B*3501,C*0401,C*0501,1
353,Schweiz,34.55,0,0,0,nein,Spontane Geburt,A*0201,A*3002,B*1801,B*4901,C*0501,C*0701,A*3002,A*3002,B*1801,B*1801,C*0501,C*0501,0
84,Finnland,31.28,0,0,0,nein,Spontane Geburt,A*1101,A*2402,B*1302,B*5501,C*0303,C*0602,A*0301,A*1101,B*0702,B*5501,C*0303,C*0702,1
334,Türkei,25.42,0,0,0,nein,Sekundäre Sectio,A*0101,A*2301,B*0801,B*2702,C*0202,C*0701,A*0101,A*0301,B*0801,B*3503,C*0701,C*0702,0
23,Schweiz,32.33,0,0,0,nein,Vag-op. Geburt,A*2402,A*2601,B*3901,B*5701,C*0602,C*1203,A*0301,A*2601,B*0702,B*3901,C*0702,C*1203,0
39,Deutschland,34.93,0,0,0,nein,Vag-op. Geburt,A*0101,A*2301,B*0801,B*4901,C*0701,C*0701,A*0101,A*0201,B*0801,B*3501,C*0401,C*0701,0
339,indien,31.14,3,0,3,nein,Spontane Geburt,A*1101,A*3201,B*3503,B*5701,C*0401,C*0702,A*0101,A*1101,B*0705,B*3503,C*0401,C*1505,0
357,Türkei,24.69,1,1,0,nein,Sekundäre Sectio,A*0101,A*2402,B*4101,B*5201,C*1202,C*1701,A*0101,A*0201,B*0705,B*4101,C*1505,C*1701,1
302,Kosova,42.9,5,2,3,ja,Spontane Geburt,A*0201,A*2402,B*5501,B*5701,C*0303,C*0602,A*0201,A*0201,B*3904,B*5501,C*0303,C*1203,1
430,Spanien,34.09,1,1,0,nein,Spontane Geburt,A*0201,A*2402,B*3501,B*5101,C*0401,C*1502,A*0201,A*0201,B*1501,B*3501,C*0303,C*0401,0
82,Schweiz,24.22,0,0,0,nein,Vag-op. Geburt,A*0201,A*3301,B*1402,B*2702,C*0202,C*0802,A*0101,A*0201,B*0801,B*2702,C*0202,C*0701,0
270,Afghanistan/CH,35.98,1,1,0,nein,Spontane Geburt,A*0301,A*1101,B*4101,B*5107,C*1402,C*1701,A*0302,A*1101,B*1525,B*5107,C*0403,C*1402,0
295,Schweiz,29.57,0,0,0,nein,Vag-op. Geburt,A*0201,A*0201,B*2702,B*3901,C*0202,C*0702,A*0201,A*0301,B*0702,B*2702,C*0202,C*0702,0
386,Kosovo,27.55,2,1,1,nein,Spontane Geburt,A*0201,A*0201,B*1801,B*4405,C*0202,C*0701,A*0101,A*0201,B*0801,B*4405,C*0202,C*0701,1
393,Schweiz,25.68,0,0,0,nein,Spontane Geburt,A*0201,A*3101,B*4001,B*5113,C*0304,C*1502,A*0201,A*3101,B*4001,B*4402,C*0304,C*0501,1
36,Kolumbien,24.83,1,1,0,nein,Spontane Geburt,A*1101,A*6802,B*4001,B*5301,C*0304,C*0401,A*1101,A*6802,B*1402,B*5301,C*0401,C*0802,0
77,Mazedonien,25.72,2,1,1,nein,Spontane Geburt,A*1101,A*3201,B*0702,B*1803,C*0701,C*0702,A*1101,A*3201,B*1803,B*3901,C*0701,C*1203,1
85,Peru,30.2,0,0,0,nein,Vag-op. Geburt,A*3001,A*6801,B*1302,B*3501,C*0602,C*0702,A*0201,A*3001,B*1302,B*1402,C*0602,C*0802,1
87,Schweiz,34.01,0,0,0,nein,Spontane Geburt,A*0201,A*6801,B*3501,B*4402,C*0401,C*0704,A*0101,A*6801,B*4001,B*4402,C*0304,C*0704,1
95,Schweiz,29.76,1,1,0,nein,Vag-op. Geburt,A*0301,A*2902,B*3501,B*4403,C*0401,C*1601,A*0101,A*0301,B*3501,B*4402,C*0401,C*0501,0
97,Bangladech,25,2,0,2,nein,Vag-op. Geburt,A*2601,A*3303,B*2705,B*5601,C*0102,C*0202,A*1101,A*2601,B*2705,B*3501,C*0202,C*1202,1
102,Deutschland,38.83,1,1,0,nein,Spontane Geburt,A*0301,A*2402,B*0702,B*3906,C*0702,C*0702,A*0101,A*2402,B*0702,B*3906,C*0702,C*0702,0
107,Kroatien,27.67,0,0,0,nein,Spontane Geburt,A*0201,A*0201,B*3501,B*4402,C*0401,C*0501,A*0201,A*1101,B*1402,B*4402,C*0501,C*0802,1
135,Kosovo,28.53,1,1,0,nein,Spontane Geburt,A*0201,A*2601,B*0702,B*4901,C*0701,C*1203,A*0201,A*2601,B*0702,B*4901,C*0701,C*0702,0
141,Schweiz,23.95,1,0,1,nein,Spontane Geburt,A*0201,A*3201,B*3503,B*4002,C*0202,C*1203,A*0201,A*3201,B*4001,B*4002,C*0304,C*0202,1
146,Schweiz,33.4,1,1,0,nein,Vag-op. Geburt,A*0201,A*0301,B*0702,B*3701,C*0602,C*0702,A*0101,A*0301,B*1501,B*3701,C*0303,C*0602,0
153,Israel,28.4,0,0,0,nein,Spontane Geburt,A*2402,A*3101,B*1402,B*3502,C*0202,C*0401,A*0201,A*2402,B*1402,B*1501,C*0202,C*0304,0
165,Kosovo,31.55,2,2,0,nein,Spontane Geburt,A*0201,A*2402,B*1801,B*1801,C*0701,C*0701,A*0201,A*2402,B*1801,B*1801,C*0701,C*0701,0
174,Schweiz,29.13,0,0,0,nein,Vag-op. Geburt,A*0301,A*1101,B*1501,B*4901,C*0102,C*0702,A*0101,A*1101,B*1501,B*3701,C*0102,C*0602,1
177,Schweiz,31.85,0,0,0,nein,Spontane Geburt,A*0101,A*0301,B*0702,B*5701,C*0602,C*0702,A*0101,A*0201,B*4002,B*5701,C*0202,C*0602,1
188,Kosovo,20.68,0,0,0,nein,Spontane Geburt,A*0201,A*0301,B*0801,B*5101,C*0701,C*1501,A*0101,A*0301,B*0801,B*3701,C*0602,C*0701,0
196,Deutschland,27.84,0,0,0,nein,Spontane Geburt,A*0201,A*0201,B*0702,B*5101,C*0702,C*1502,A*0101,A*0201,B*4002,B*5101,C*0202,C*1502,0
208,Schweiz,31.74,0,0,0,nein,Spontane Geburt,A*1101,A*2402,B*0702,B*0702,C*0702,C*0702,A*0201,A*2402,B*0702,B*1402,C*0702,C*0802,0
209,Deutschland,39.12,1,1,0,nein,Spontane Geburt,A*0101,A*0101,B*0702,B*5101,C*0702,C*1402,A*0101,A*2601,B*0702,B*3801,C*0702,C*1203,1
222,Kosovo,21.55,1,1,0,nein,Spontane Geburt,A*0201,A*0201,B*1801,B*5101,C*0701,C*1402,A*0201,A*0201,B*3503,B*5101,C*0401,C*1402,1
229,Schweiz,32.21,1,0,1,nein,Spontane Geburt,A*0101,A*0301,B*1801,B*3701,C*0501,C*0602,A*0101,A*1101,B*1801,B*5201,C*0501,C*1202,0
234,Türkei,26.66,2,2,0,nein,Spontane Geburt,A*0201,A*0302,B*4101,B*5101,C*0701,C*1602,A*0201,A*0302,B*4101,B*5101,C*0701,C*1602,1
324,Sri Lanka,36.27,1,1,0,nein,Spontane Geburt,A*2901,A*3303,B*0705,B*4403,C*0701,C*1505,A*0211,A*3303,B*0705,B*4403,C*0701,C*0702,1
326,Schweiz,34.58,2,2,0,nein,Spontane Geburt,A*0201,A*0301,B*1801,B*4403,C*0401,C*0701,A*0101,A*0301,B*4002,B*4403,C*0202,C*0401,0
328,Osterreich,27.04,0,0,0,nein,Spontane Geburt,A*1101,A*3101,B*3503,B*5101,C*0401,C*1502,A*3101,A*6802,B*1402,B*5101,C*0802,C*1502,1
358,Schweiz,33.97,2,2,0,nein,Spontane Geburt,A*0201,A*2601,B*0801,B*4403,C*0401,C*0701,A*0201,A*3101,B*0801,B*2705,C*0202,C*0701,0
363,Deutschland,31.77,0,0,0,nein,Elektive Sectio,A*0201,A*6801,B*1501,B*5101,C*0304,C*1402,A*3002,A*6801,B*1501,B*4901,C*0304,C*0701,1
369,Schweiz,41.42,2,0,2,nein,Sekundäre Sectio,A*0201,A*2601,B*1501,B*3801,C*0304,C*1203,A*2601,A*3001,B*1801,B*3801,C*0701,C*1203,0
372,Afghanistan,40.13,2,0,2,nein,Vag-op. Geburt,A*0201,A*1101,B*1302,B*3501,C*0401,C*0602,A*1101,A*3001,B*1302,B*3501,C*0401,C*0602,0
374,Mexico,40.18,3,1,2,nein,Vag-op. Geburt,A*2402,A*2601,B*1801,B*5501,C*0303,C*1203,A*2402,A*3101,B*1801,B*4001,C*0304,C*1203,0
380,Schweiz,29.53,0,0,0,nein,Sekundäre Sectio,A*0101,A*1101,B*4001,B*4403,C*0304,C*0401,A*0101,A*1101,B*0702,B*4403,C*0401,C*0702,0
382,Türkei,28.25,2,1,1,nein,Spontane Geburt,A*3301,A*6801,B*1402,B*3801,C*0802,C*1203,A*0201,A*3301,B*1402,B*4402,C*0501,C*0802,1
390,Schweiz,32.91,1,1,0,nein,Spontane Geburt,A*0201,A*6801,B*0702,B*4402,C*0501,C*0702,A*0301,A*6801,B*1801,B*4402,C*0501,C*0701,1
391,Egypten,26.36,0,0,0,nein,Spontane Geburt,A*0201,A*6802,B*1302,B*1402,C*0602,C*0802,A*0201,A*1101,B*1302,B*4001,C*0304,C*0602,1
396,Schweiz,38.9,4,1,3,nein,Elektive Sectio,A*0301,A*2501,B*1801,B*3501,C*0401,C*1203,A*0101,A*2501,B*0801,B*1801,C*0701,C*1203,0
419,Irak,42.77,4,3,1,nein,Spontane Geburt,A*0201,A*0205,B*1503,B*5201,C*1202,C*1203,A*0201,A*0201,B*1801,B*5201,C*1202,C*1203,0
59,Schweden,34.58,0,0,0,nein,Sekundäre Sectio,A*0301,A*2402,B*0702,B*0702,C*0702,C*0702,A*0201,A*0301,B*0702,B*4402,C*0501,C*0702,0
65,Türkei,32.14,2,2,0,nein,Spontane Geburt,A*0201,A*3201,B*0705,B*1801,C*1203,C*1505,A*0201,A*0201,B*0705,B*5101,C*1505,C*1602,1
175,Deutschland,34.84,1,1,0,nein,Spontane Geburt,A*2402,A*3101,B*0702,B*5501,C*0303,C*0702,A*0201,A*3101,B*4403,B*5501,C*0303,C*0401,1
235,Schweiz,30.7,0,0,0,nein,Spontane Geburt,A*0205,A*3201,B*1501,B*3502,C*0303,C*0401,A*0201,A*0205,B*3502,B*5101,C*0401,C*1502,0
383,Serbien,28.47,1,1,0,nein,Elektive Sectio,A*2301,A*2601,B*0702,B*1801,C*1203,C*1203,A*0301,A*2601,B*0702,B*4403,C*0401,C*1203,0
406,Schweiz,33.68,0,0,0,nein,Spontane Geburt,A*2501,A*3002,B*1801,B*1801,C*0501,C*1203,A*3002,A*6802,B*1801,B*4402,C*0501,C*0501,0
416,Schweiz,36.04,1,1,0,nein,Elektive Sectio,A*0101,A*3201,B*0801,B*1501,C*0303,C*0701,A*0101,A*0101,B*0801,B*5701,C*0602,C*0701,1
392,Serbien,23.51,0,0,0,nein,Sekundäre Sectio,A*0201,A*1101,B*3503,B*4901,C*0401,C*0701,A*1101,A*3201,B*3503,B*3501,C*0401,C*0401,1
74,Italien,33.47,0,0,0,nein,Vag-op. Geburt,A*0101,A*1101,B*0801,B*5801,C*0701,C*0701,A*0101,A*2402,B*0801,B*3502,C*0401,C*0701,0
276,Schweiz,41.06,2,2,0,nein,Spontane Geburt,A*0201,A*0201,B*1501,B*5701,C*0304,C*0602,A*0201,A*2402,B*0702,B*1501,C*0304,C*0702,0
432,Polen,33.32,1,1,0,ja,Spontane Geburt,A*0301,A*2902,B*0702,B*4403,C*0702,C*1601,A*0301,A*2403,B*0702,B*1801,C*0702,C*1203,0
232,Ungarn,33.39,1,1,0,nein,Spontane Geburt,A*0201,A*2902,B*4403,B*5501,C*0303,C*1601,A*0201,A*2501,B*0801,B*5501,C*0303,C*0701,0
404,Schweiz,21.33,0,0,0,nein,Vag-op. Geburt,A*0101,A*1101,B*4402,B*5001,C*0501,C*0602,A*0101,A*3001,B*1302,B*5001,C*0602,C*0602,1
94,Schweiz,30.41,1,1,0,nein,Spontane Geburt,A*0201,A*2402,B*0702,B*3503,C*0401,C*0702,A*0201,A*3001,B*0702,B*1302,C*0602,C*0702,1
387,Algerien,28.63,0,0,0,nein,Vag-op. Geburt,A*0205,A*0301,B*5101,B*5702,C*1602,C*1801,A*0301,A*0301,B*0702,B*5702,C*0702,C*1801,1
389,Schweiz,27.28,1,1,0,nein,,A*0301,A*3002,B*1517,B*4901,C*0701,C*0701,A*0301,A*0301,B*0702,B*1517,C*0701,C*0702,0
108,Indien,28.38,1,0,1,nein,Sekundäre Sectio,A*0101,A*0101,B*1517,B*3701,C*0602,C*0701,A*0101,A*1101,B*3701,B*4006,C*0602,C*1202,0
40,Belgien,33.21,0,0,0,nein,Vag-op. Geburt,A*2902,A*3001,B*1302,B*4403,C*0602,C*1601,A*2902,A*6801,B*1801,B*4403,C*0501,C*1601,1
49,Schweiz,15.44,0,0,0,nein,Vag-op. Geburt,A*0101,A*0201,B*5101,B*5801,C*0102,C*0701/18,A*0201,A*0201,B*1501,B*5101,C*0102,C*0303,0
67,Schweiz,23.33,1,1,0,nein,Elektive Sectio,A*2501,A*3201,B*0801,B*1402,C*0501,C*0701,A*0101,A*3201,B*1402,B*1510,C*0304,C*0501,0
88,Türkei,26.58,0,0,0,nein,Spontane Geburt,A*0302,A*3001,B*4402,B*5101,C*1402,C*1604,A*0201,A*3001,B*3503,B*5101,C*0704,C*1402,0
115,Schweiz,25.6,0,0,0,nein,Vag-op. Geburt,A*1101,A*2601,B*2705,B*4402,C*0202,C*0501,A*0201,A*1101,B*0702,B*4402,C*0501,C*0702,0
163,Sri Lanka,31.23,2,1,1,nein,Spontane Geburt,A*0101,A*0201,B*5101,B*5701,C*0602,C*1402,A*0101,A*0201,B*1801,B*5701,C*0602,C*0701,0
243,Schweiz,30.54,0,0,0,nein,Spontane Geburt,A*2601,A*3303,B*3701,B*4403,C*0602,C*0701,A*0201,A*2601,B*3701,B*4002,C*0304,C*0602,1
254,Schweiz,28.69,1,0,1,nein,Vag-op. Geburt,A*0101,A*3101,B*2705,B*5701,C*0102,C*0602,A*0101,A*0301,B*4002,B*5701,C*0202,C*0602,0
290,Asien,41.12,0,0,0,nein,Spontane Geburt,A*2402,A*2402,B*4006,B*4601,C*0102,C*0801,A*1101,A*2402,B*3901,B*4601,C*0102,C*0702,1
305,Schweiz,29.19,1,1,0,nein,Elektive Sectio,A*2402,A*3201,B*0801,B*3501,C*0401,C*0701,A*0101,A*3201,B*0801,B*3501,C*0401,C*0701,0
318,Schweiz,31.49,0,0,0,nein,Vag-op. Geburt,A*0201,A*0301,B*3801,B*4402,C*0704,C*1203,A*0201,A*0301,B*0702,B*4402,C*0704,C*0702,1
348,Deutschland,36.18,1,1,0,nein,Sekundäre Sectio,A*0101,A*0201,B*4402,B*5701,C*0602,C*0704,A*0201,A*6801,B*4402,B*5001,C*0602,C*0704,0
360,Deutschland,35.51,0,0,0,nein,Vag-op. Geburt,A*0101,A*0201,B*5101,B*5701,C*0602,C*0701,A*0101,A*2601,B*0801,B*5701,C*0602,C*0701,0
388,Indien,32.53,0,0,0,nein,Spontane Geburt,A*0101,A*0201,B*3701,B*5101,C*0602,C*1504,A*0201,A*0301,B*5001,B*5101,C*0602,C*1504,0
56,Schweiz,28.44,0,0,0,nein,Sekundäre Sectio,A*0101,A*2410,B*3505,B*5701,C*0401,C*0602,A*0101,A*0205,B*1503,B*5701,C*0602,C*1202,0
60,Deutschland,36.89,0,0,0,nein,Vag-op. Geburt,A*0101,A*2402,B*0801,B*4405,C*0202,C*0701,A*0101,A*2301,B*0801,B*4002,C*0202,C*0701,0
245,Schweiz,33.86,0,0,0,nein,Vag-op. Geburt,A*0201,A*2402,B*1517,B*1801,C*0701,C*0701,A*0201,A*0201,B*1801,B*5101,C*0102,C*0701,0
17,Schweiz,36.79,1,1,0,nein,Sekundäre Sectio,A*3001,A*3201,B*0702,B*4402,C*0501,C*0702,A*0101,A*3001,B*0702,B*4402,C*0501,C*0702,0
72,Serbien Montenegro,34.97,2,2,0,nein,Spontane Geburt,A*0301,A*2402,B*3503,B*5101,C*0102,C*0401,A*0301,A*1101,B*3503,B*5101,C*0303,C*0401,1
123,Türkei,23.49,0,0,0,nein,Vag-op. Geburt,A*2402,A*6901,B*3503,B*5101,C*0401,C*1502,A*0101,A*6901,B*4101,B*5101,C*1502,C*1701,0
137,Kosovo,31.43,1,1,0,nein,Vag-op. Geburt,A*0201,A*2402,B*1501,B*5101,C*0401,C*1402,A*0201,A*2902,B*0702,B*5101,C*0702,C*1402,1
139,Schweiz,32.94,0,0,0,nein,Vag-op. Geburt,A*2402,A*2501,B*1501,B*3503,C*0303,C*0401,A*0101,A*2402,B*1402,B*1501,C*0303,C*0701,0
158,Türkei,32.07,1,0,1,nein,Sekundäre Sectio,A*2402,A*6801,B*1302,B*3508,C*0401,C*0602,A*1101,A*2402,B*1801,B*3508,C*0401,C*1203,0
160,Türkei,27.28,1,1,0,nein,Spontane Geburt,A*0201,A*2402,B*0705,B*4402,C*0501,C*1505,A*0201,A*6801,B*4101,B*4402,C*0501,C*1701,0
162,Frankreich,35.56,0,0,0,nein,Vag-op. Geburt,A*1101,A*3201,B*0702,B*5101,C*0702,C*1502,A*0301,A*1101,B*0702,B*5101,C*0702,C*1502,1
242,Schweiz,36.42,1,1,0,nein,Spontane Geburt,A*0101,A*2402,B*0801,B*5701,C*0602,C*0701,A*0101,A*0101,B*0801,B*5701,C*0602,C*0701,0
315,Deutschland,33.91,0,0,0,nein,Sekundäre Sectio,A*2301,A*2402,B*0801,B*4102,C*0701,C*1701,A*0101,A*2402,B*1501,B*4102,C*0303,C*1701,0
361,Schweiz,35.89,0,0,0,nein,Spontane Geburt,A*0201,A*2501,B*4002,B*5101,C*0202,C*1402,A*0201,A*2601,B*3901,B*5101,C*1203,C*1402,0
394,Schweiz,20.67,0,0,0,nein,Spontane Geburt,A*0201,A*2402,B*0702,B*5701,C*0602,C*0702,A*0201,A*0301,B*4001,B*5701,C*0304,C*0602,1
398,Schweiz,31.07,1,1,0,nein,Spontane Geburt,A*2402,A*2601,B*0702,B*3801,C*0702,C*1203,A*2601,A*2902,B*3801,B*4501,C*0602,C*1203,0
55,Bosnien,28.31,1,1,0,nein,Sekundäre Sectio,A*0201,A*2402,B*0702,B*5101,C*0702,C*1402,A*0301,A*2402,B*0702,B*0702,C*0702,C*0702,0
62,Venezuela,33.21,0,0,0,nein,Elektive Sectio,A*0201,A*2403,B*3504,B*4402,C*0401,C*0704,A*0222,A*2403,B*3504,B*3901,C*0401,C*0702,1
75,Japan,32.14,4,1,3,nein,Spontane Geburt,A*2301,A*3101,B*4403,B*5401,C*0102,C*0401,A*2402,A*3101,B*0702,B*5401,C*0102,C*0702,1
186,Deutschland,32.06,0,0,0,nein,Spontane Geburt,A*0302,A*2402,B*2705,B*3906,C*0102,C*0702,A*1101,A*2402,B*0702,B*3906,C*0702,C*0702,1
257,Polen,32.5,1,1,0,nein,Spontane Geburt,A*2501,A*3201,B*1501,B*3503,C*0303,C*0401,A*0201,A*2501,B*0801,B*1501,C*0303,C*0701,0
291,Deutschland,26.44,0,0,0,nein,Sekundäre Sectio,A*2301,A*2501,B*4501,B*5501,C*0303,C*0602,A*0205,A*2501,B*5001,B*5501,C*0303,C*0602,1
408,Schweiz,34.23,1,1,0,nein,Spontane Geburt,A*1101,A*2402,B*1501,B*5101,C*0303,C*0303,A*2402,A*3101,B*1518,B*1501,C*0303,C*0303,0
28,Schweiz,27.15,2,1,1,nein,Spontane Geburt,A*0101,A*0201,B*1302,B*3701,C*0602,C*0602,A*0101,A*0201,B*0801,B*1302,C*0602,C*0701,0
118,Türkei,25.34,2,1,1,nein,Spontane Geburt,A*0201,A*2402,B*2707,B*5701,C*0602,C*1502,A*0201,A*0201,B*2707,B*5001,C*0602,C*1502,0
297,Türkei,28.17,1,1,0,nein,Spontane Geburt,A*2601,A*3201,B*3801,B*5108,C*1203,C*1601/02,A*0301,A*2601,B*3801,B*5001,C*0602,C*1203,0
320,Schweiz,31.6,0,0,0,nein,Spontane Geburt,A*0201,A*2402,B*4405,B*4402,C*0202,C*0704,A*0201,A*6801,B*4001,B*4402,C*0304,C*0704,0
434,USA,40.11,2,0,2,nein,Vag-op. Geburt,A*2501,A*3001,B*4402,B*5701,C*0102,C*0602,A*3001,A*3101,B*4001,B*4402,C*0102,C*0304,0
226,Rumänien,40.53,5,4,1,nein,Spontane Geburt,A*0201,A*2402,B*1302,B*4402,C*0501,C*0602,A*0201,A*2601,B*1302,B*5501,C*0303,C*0602,0
73,Rumänien,30.48,3,0,3,nein,Sekundäre Sectio,A*0201,A*0301,B*0702,B*2702,C*0202,C*0702,A*0201,A*6901,B*2702,B*4402,C*0202,C*0501,0
350,Serbien,27.06,0,0,0,nein,Elektive Sectio,A*0201,A*0205,B*2702,B*5001,C*0202,C*0602,A*0201,A*1101,B*2702,B*5201,C*0202,C*1202,0
170,Italien,31.74,2,2,0,nein,Spontane Geburt,A*0201,A*0301,B*3501,B*5101,C*0401,C*1502,A*0201,A*2902,B*5101,B*5108,C*1502,C*1602,1
275,Ukraine,31.03,3,0,3,nein,Spontane Geburt,A*0201,A*0302,B*1801,B*5701,C*0602,C*0701,A*0201,A*0201,B*4405,B*5701,C*0202,C*0602,1
30,Deutschland,33.8,1,0,1,nein,Vag-op. Geburt,A*0201,A*0301,B*2705,B*3501,C*0202,C*0401,A*0101,A*0201,B*2705,B*3701,C*0202,C*0602,0
54,Schweiz,29.14,0,0,0,nein,Spontane Geburt,A*0201,A*2402,B*0702,B*1501,C*0702,C*0704,A*0201,A*2402,B*1501,B*5101,C*0704,C*1402,1
61,Mazedonien,27.97,1,1,0,nein,Vag-op. Geburt,A*0201,A*2402,B*1801,B*5501,C*0303,C*0701,A*2402,A*2402,B*1501,B*5501,C*0303,C*0303/04,1
93,Schweiz,25.09,1,1,0,nein,Spontane Geburt,A*0301,A*0301,B*3501,B*3701,C*0401,C*0602,A*0201,A*0301,B*3701,B*4402,C*0501,C*0602,0
104,Deutschland,40.53,1,1,0,nein,Spontane Geburt,A*1101,A*3001,B*1302,B*3503,C*0602,C*1203,A*0201,A*3001,B*1302,B*5201,C*0602,C*1202,1
151,Schweden,36.48,4,2,2,nein,Spontane Geburt,A*0201,A*2402,B*0702,B*1501,C*0303,C*0702,A*2402,A*2501,B*0702,B*1801,C*0702,C*1203,0
155,Deutschland,32.35,0,0,0,nein,Spontane Geburt,A*0201,A*2501,B*0702,B*3501,C*0401,C*0702,A*0201,A*2501,B*3501,B*4402,C*0401,C*0704,1
159,Türkei,33.24,0,0,0,nein,Spontane Geburt,A*0101,A*0201,B*5001,B*5101,C*0602,C*1402,A*0101,A*6801,B*4402,B*5101,C*1402,C*1403,1
164,Schweiz,39.28,1,1,0,nein,Spontane Geburt,A*1101,A*2402,B*0702,B*1518,C*0702,C*0704,A*1101,A*2402,B*1518,B*5101,C*0102,C*0704,0
182,Ukraine,32.17,0,0,0,nein,Spontane Geburt,A*1101,A*6801,B*3501,B*5101,C*0401,C*1502,A*0201,A*6801,B*5101,B*5701,C*0602,C*1502,1
194,Schweiz,18.67,0,0,0,nein,Vag-op. Geburt,A*2601,A*3201,B*4002,B*4102,C*0202,C*1703,A*3001,A*3201,B*4002,B*5701,C*0202,C*0602,0
200,Marokko,27.44,0,0,0,nein,Spontane Geburt,A*1101,A*6802,B*2705,B*3910,C*0202,C*1203,A*3201,A*6802,B*3910,B*5301,C*0401,C*1203,0
215,Bulgarien,31.85,0,0,0,nein,Sekundäre Sectio,A*1101,A*2402,B*3501,B*5601,C*0102,C*0401,A*2402,A*3001,B*3801,B*5601,C*0102,C*1203,0
224,Schweiz,36.18,0,0,0,nein,Vag-op. Geburt,A*0101,A*0205,B*3503,B*5701,C*0401,C*0602,A*0101,A*3201,B*4002,B*5701,C*0202,C*0602,1
233,Schweiz,31.63,0,0,0,nein,Spontane Geburt,A*0201,A*0201,B*4002,B*5101,C*0202,C*1502,A*0201,A*2301,B*1518,B*5101,C*0704,C*1502,0
281,Indien,31.54,1,0,1,nein,Sekundäre Sectio,A*1101,A*1101,B*1801,B*5701,C*0304,C*0701,A*1101,A*3303,B*5701,B*5701,C*0304,C*0602,0
332,Slowenien,31.28,0,0,0,nein,,A*0201,A*3101,B*1402,B*4402,C*0501,C*0802,A*2402,A*3101,B*1501,B*4402,C*0303,C*0501,1
343,Schweiz,36.14,0,0,0,nein,Spontane Geburt,A*0201,A*2601,B*1302,B*40xx,C*0202,C*0602,A*2402,A*2601,B*1302,B*1801,C*0602,C*1203,0
367,Schweiz,30.16,0,0,0,nein,Spontane Geburt,A*0301,A*2402,B*4001,B*4001,C*0304,C*0304,A*2402,A*2601,B*3701,B*4001,C*0304,C*0602,0
409,Schweiz,33.62,0,0,0,nein,Spontane Geburt,A*0302,A*6801,B*1501,B*3801,C*0303,C*1203,A*6801,A*6801,B*3801,B*5101,C*1203,C*1502,0
413,Mazedonien,33.07,3,1,2,nein,Spontane Geburt,A*0201,A*2601,B*1801,B*5101,C*0701,C*1602,A*0201,A*2601,B*3701,B*5101,C*0602,C*1602,0
418,Deutschland,31.94,1,1,0,nein,Spontane Geburt,A*0201,A*0201,B*4002,B*4402,C*0501,C*1502,A*0201,A*2402,B*4002,B*5101,C*1502,C*1502,0
140,Schweiz,32.85,0,0,0,nein,Spontane Geburt,A*0201,A*0201,B*1501,B*4901,C*0102,C*1203,A*0201,A*2402,B*1302,B*1501,C*0102,C*0602,0
35,Italien,33.33,0,0,0,nein,Vag-op. Geburt,A*0201,A*0302,B*1517,B*5101,C*0701,C*1502,A*0201,A*0301,B*1517,B*5101,C*0102,C*0701,0
375,Deutschland,30.62,0,0,0,nein,Sekundäre Sectio,A*0101,A*2902,B*1517,B*4403,C*0701,C*1601,A*0101,A*0201,B*1517,B*2705,C*0102,C*0701,0
294,Schweiz,29.28,1,1,0,nein,Spontane Geburt,A*0201,A*2601,B*2705,B*4402,C*0202,C*0501,A*0101,A*2601,B*1517,B*2705,C*0202,C*0701,0
25,Schweiz,37.75,0,0,0,nein,Elektive Sectio,A*2402,A*3301,B*0702,B*4403,C*0702,C*1601,A*0201,A*2402,B*0702,B*4402,C*0501,C*0702,0
33,Schweiz,37.56,3,1,2,nein,Elektive Sectio,A*0201,A*2402,B*3508,B*4402,C*0401,C*0501,A*0201,A*2402,B*3508,B*5801,C*0302,C*0401,0
34,Deutschland,39.14,0,0,0,nein,Vag-op. Geburt,A*0301,A*1101'1525,B*5101,B*5101,C*0403,C*1502,A*0101,A*0301,B*3701,B*5101,C*0602,C*1502,0
47,Kosova,36.63,3,2,1,nein,Spontane Geburt,A*2402,A*6801,B*1801,B*5101,C*0102,C*0701,A*2402,A*6801,B*1801,B*5101,C*0701,C*1506,1
66,Deutschland,27.82,0,0,0,nein,Spontane Geburt,A*0301,A*6801,B*4402,B*4402,C*0501,C*0704,A*0101,A*6801,B*4402,B*5701,C*0501,C*0602,0
69,Schweiz,33.13,1,1,0,nein,Elektive Sectio,A*0201,A*3201,B*2705,B*4002,C*0102,C*0202,A*3201,A*6801,B*2705,B*3501,C*0102,C*0401,0
99,Schweiz,28.81,0,0,0,nein,Spontane Geburt,A*0101,A*3201,B*0702,B*3701,C*0602,C*0702,A*0101,A*2402,B*0702,B*5101,C*0702,C*1601/02,0
109,Bosnien,21.49,0,0,0,nein,Spontane Geburt,A*0201,A*0201,B*4403,B*5101,C*0102,C*0401,A*0101,A*0201,B*3701,B*5101,C*0102,C*0602,0
121,Kuba,20.18,0,0,0,nein,Vag-op. Geburt,A*0201,A*0301,B*4402,B*4701,C*0501,C*0602,A*0201,A*0301,B*4402,B*4901,C*0501,C*0701,0
166,Italien,28.01,0,0,0,nein,Sekundäre Sectio,A*0102,A*2403,B*1801,B*4403,C*0701,C*1203,A*2403,A*3101,B*1801,B*4403,C*0701,C*0701,0
167,Türkei,35.44,1,1,0,nein,Spontane Geburt,A*0201,A*6801,B*4402,B*4402,C*0501,C*0704,A*2402,A*6801,B*0702,B*4402,C*0702,C*0704,0
180,Schweiz,28.84,0,0,0,nein,Vag-op. Geburt,A*0101,A*3201,B*1801,B*5701,C*0602,C*0701,A*0201,A*3201,B*1801,B*3801,C*0701,C*1203,0
202,Brasilien,31,0,0,0,nein,Spontane Geburt,A*0201,A*2501,B*1801,B*4402,C*0501,C*1203,A*0201,A*2402,B*1402,B*4402,C*0501,C*0802,1
236,Slowakei,35.5,5,2,3,nein,Spontane Geburt,A*0301,A*2402,B*1801,B*5801,C*0302,C*0701,A*2402,A*2601,B*1801,B*3801,C*0701,C*1203,1
239,Schweiz,35.96,1,1,0,nein,Spontane Geburt,A*0101,A*0201,B*4402,B*5701,C*0501,C*0602,A*0101,A*0301,B*2705,B*5701,C*0202,C*0602,0
256,Libanon,31.06,0,0,0,nein,Vag-op. Geburt,A*1101,A*2601,B*3801,B*4402,C*0501,C*1203,A*2601,A*3002,B*3801,B*5201,C*1203,C*1601,0
284,Mazedonien,29.21,1,1,0,nein,Elektive Sectio,A*0201,A*6801,B*5101,B*5101,C*0202,C*1502,A*0101,A*0201,B*2705,B*5101,C*0102,C*0202,0
288,Schweiz,34.89,0,0,0,nein,Vag-op. Geburt,A*0101,A*2902,B*4403,B*5101,C*1502,C*1601,A*0101,A*0101,B*4402,B*5101,C*0501,C*1502,0
325,Schweiz,41.05,0,0,0,nein,Spontane Geburt,A*2402,A*2601,B*5101,B*5501,C*0303,C*1502,A*0301,A*2402,B*0702,B*5101,C*0702,C*1502,0
349,Schweiz,31.14,0,0,0,nein,Spontane Geburt,A*2402,A*3303,B*0702,B*5101,C*0702,C*1502,A*0101,A*2402,B*0801,B*5101,C*0701,C*1502,1
364,Serbien,26.96,2,1,1,nein,Spontane Geburt,A*0201,A*1101,B*2705,B*4402,C*0202,C*0501,A*0201,A*0201,B*4402,B*4901,C*0501,C*0701,0
402,Schweiz,24.62,1,1,0,nein,Elektive Sectio,A*0201,A*2402,B*0702,B*4402,C*0501,C*0702,A*0201,A*2402,B*0702,B*5101,C*0702,C*1402,1
431,Spanien,36.42,0,0,0,nein,Spontane Geburt,A*0201,A*3303,B*5101,B*5801,C*0302,C*1601,A*0201,A*0201,B*5101,B*5101,C*1402,C*1601,1
292,Schweiz,40.49,3,1,2,nein,Spontane Geburt,A*0201,A*2402,B*0702,B*2702,C*0202,C*0702,A*0201,A*3101,B*2702,B*5101,C*0202,C*1502,0
371,Spanien,32.71,0,0,0,nein,Spontane Geburt,A*1101,A*2402,B*3906,B*4402,C*0401,C*0702,A*1101,A*3101,B*4402,B*5101,C*0401,C*1502,1
282,Schweiz,29.62,1,1,0,nein,Spontane Geburt,A*2402,A*2454/64,B*2705,B*5501,C*0102,C*0303,A*0201,A*2402,B*0702,B*2705,C*0102,C*0702,0
19,Frankreich,31.23,0,0,0,nein,Spontane Geburt,A*0201,A*2301,B*3701,B*4901,C*0602,C*0701,A*0301,A*2301,B*0701,B*4901,C*0701,C*0702,0
79,Deutschland,30.69,0,0,0,nein,Spontane Geburt,A*0202,A*2402,B*4402,B*5101,C*0501,C*1502,A*0201,A*2402,B*4002,B*5101,C*1502,C*1502,0
319,Finnland,30.85,1,1,0,nein,Elektive Sectio,A*0201,A*3201,B*4402,B*5101,C*0501,C*1502,A*0201,A*2402,B*4001,B*5101,C*0304,C*1502,0
321,Deutschland,35.75,1,0,1,nein,Sekundäre Sectio,A*0201,A*3201,B*2705,B*4402,C*0102,C*0501,A*0301,A*3201,B*1801,B*2705,C*0102,C*1203,0
327,Mazedonien,24.12,1,1,0,nein,Spontane Geburt,A*0301,A*2402,B*5101,B*5101,C*1502,C*1602,A*1101,A*2402,B*1803,B*5101,C*0202,C*1502,1
376,Schweiz,33.95,0,0,0,nein,Spontane Geburt,A*0201,A*3201,B*2705,B*5101,C*0102,C*1502,A*3101,A*3201,B*2705,B*4001,C*0102,C*0304,1
126,Deutschland,37.22,1,1,0,nein,Spontane Geburt,A*1101,A*2301,B*4403,B*5201,C*0401,C*1202,A*0201,A*1101,B*1302,B*5201,C*0602,C*1202,0
218,Ungarn,35.26,1,0,1,nein,Sekundäre Sectio,A*2402,A*3201,B*3508,B*3801,C*0401,C*1203,A*2402,A*2501,B*1801,B*3508,C*0401,C*1203,0
329,Schweiz,33.85,0,0,0,nein,Spontane Geburt,A*0101,A*2501,B*4402,B*5701,C*0501,C*0602,A*0101,A*0201,B*4402,B*5701,C*0501,C*0602,0
395,Italien,28.4,0,0,0,nein,Vag-op. Geburt,A*2301,A*2402,B*4403,B*5101,C*0401,C*1502,A*0205,A*2402,B*5001,B*5101,C*0602,C*1502,1
189,Türkei,22.44,0,0,0,nein,Sekundäre Sectio,A*0101,A*3201,B*0801,B*3503,C*0701,C*1203,A*2402,A*3201,B*3503,B*4429,C*0501,C*1203,1
15,Italien,33.59,1,1,0,nein,Spontane Geburt,A*0301,A*3201,B*3501,B*3503,C*0401,C*0401,A*2402,A*3201,B*3503,B*4402,C*0401,C*0501,0
80,Deutschland,37.89,1,1,0,nein,Spontane Geburt,A*0201,A*1101,B*3501,B*3801,C*0401,C*1203,A*0201,A*2402,B*3801,B*4403,C*0401,C*1203,1
105,Schweiz,38.59,2,1,1,nein,Spontane Geburt,A*0201,A*3301,B*0702,B*4402,C*0501,C*0702,A*0201,A*2402,B*4402,B*5701,C*0501,C*0602,1
217,Schweiz,31.22,1,1,0,nein,Spontane Geburt,A*0301,A*2402,B*0702,B*1501,C*0303,C*0702,A*2402,A*2402,B*1501,B*5701,C*0303,C*0602,0
330,Schweiz / Japan,33.97,0,0,0,nein,Vag-op. Geburt,A*0201,A*0201,B*0801,B*1301,C*0304,C*0701,A*0201,A*2402,B*1301,B*4403,C*0304,C*0401,0
437,Schweiz,28,0,0,0,nein,Spontane Geburt,A*2902,A*3101,B*0801,B*2705,C*0202,C*0702,A*3101,A*3201,B*2705,B*2705,C*0202,C*0202,1
129,Deutschland,30.09,0,0,0,nein,Spontane Geburt,A*0101,A*3002,B*1302,B*1517,C*0602,C*0701,A*0101,A*2301,B*1517,B*4901,C*0701,C*0701,0
251,Schweiz,27.67,0,0,0,nein,Vag-op. Geburt,A*0101,A*0301,B*2707,B*4402,C*0501,C*1502,A*0101,A*2402,B*1302,B*4402,C*0501,C*0602,0
346,Bulgarien,30.65,0,0,0,nein,Spontane Geburt,A*0201,A*3101,B*4402,B*5101,C*0501,C*1502,A*0201,A*3201,B*3801,B*5101,C*1203,C*1502,0
397,Griechenland,34.88,0,0,0,nein,Sekundäre Sectio,A*3002,A*3201,B*3502,B*3801,C*0401,C*1203,A*3201,A*3201,B*3502,B*4402,C*0401,C*1604,0
405,Schweiz,28.48,0,0,0,nein,Vag-op. Geburt,A*0301,A*2402,B*0702,B*1302,C*0602,C*0702,A*0301,A*2301,B*1302,B*4403,C*0401,C*0602,0
283,Schweiz,29.77,0,0,0,nein,Vag-op. Geburt,A*3201,A*6801,B*2702,B*3701,C*0202,C*0602,A*0101,A*3201,B*2702,B*4901,C*0202,C*0701,1
307,Bosnien,23.35,0,0,0,nein,Spontane Geburt,A*2402,A*2501,B*1801,B*4405,C*0202,C*1203,A*0302,A*2402,B*4405,B*5101,C*0202,C*1502,0
78,Philippines,23,0,0,0,nein,Spontane Geburt,A*2402,A*2402,B*4001,B*5101,C*0304,C*0401,A*2402,A*2403,B*4001,B*5106,C*0401,C*1204,0
50,Bosnien,29.37,0,0,0,nein,Sekundäre Sectio,A*2402,A*2402,B*1801,B*4901,C*0701,C*1203,A*2402,A*2501,B*1801,B*4901,C*0701,C*1203,1
355,Schweiz,32.03,0,0,0,nein,Vag-op. Geburt,A*1101,A*3201,B*3801,B*5101,C*1203,C*1502,A*3201,A*3201,B*1501,B*3801,C*0303,C*1203,0
359,Deutschland,33.51,0,0,0,nein,Vag-op. Geburt,A*2601,A*3201,B*5101,B*5301,C*0102,C*0401,A*0201,A*3201,B*4901,B*5301,C*0401,C*1203,0
433,Schweiz,38.65,2,0,2,nein,Spontane Geburt,A*2402,A*2402,B*4402,B*5101,C*0501,C*1502,A*2402,A*2601,B*4901,B*5101,C*0701,C*1502,0
71,Deutschland,30.28,0,0,0,nein,Spontane Geburt,A*0101,A*2402,B*0801,B*1517,C*0701,C*0701,A*2402,A*2501,B*1517,B*4402,C*0701,C*0704,0
185,Schweiz,24.64,0,0,0,nein,Spontane Geburt,A*0201,A*2301,B*1801,B*5101,C*0701,C*1502,A*2301,A*2402,B*5101,B*5101,C*1502,C*1504,0
300,Schweiz,19.73,0,0,0,nein,Spontane Geburt,A*2402,A*3002,B*1801,B*5101,C*0501,C*1402,A*2301,A*2402,B*4901,B*5101,C*0701,C*1402,0
